trans_hour,trans_day,trans_month,trans_year,category,upi_number,age,trans_amount,state,zip,fraud_risk
6,15,4,2024,10,9957000001,34,3403.53,48,45790,1
19,1,1,2024,4,9957000002,18,1291.41,33,40988,0
14,26,3,2024,2,9957000003,72,166.46,42,86448,0
10,14,9,2024,4,9957000004,48,4177.14,27,48506,1
7,6,7,2024,8,9957000005,48,8487.61,37,97904,1
20,5,7,2025,9,9957000006,59,2915.05,41,77306,1
6,30,11,2025,3,9957000007,74,5950.6,21,22305,1
18,11,4,2025,7,9957000008,72,5870.47,36,19969,1
22,31,2,2025,12,9957000009,59,2260.47,19,22404,0
10,4,4,2024,9,9957000010,70,5854.18,41,18989,1
10,13,6,2024,11,9957000011,73,1911.79,35,75305,1
23,11,11,2024,4,9957000012,51,1098.94,34,45983,0
20,3,11,2024,10,9957000013,26,6312.75,20,49462,1
3,1,3,2025,3,9957000014,39,1021.85,32,29360,0
7,6,1,2025,5,9957000015,30,8972.19,43,95657,1
23,18,12,2024,1,9957000016,42,1651.89,49,36287,1
2,24,8,2024,3,9957000017,65,5347.68,32,75472,0
21,10,12,2025,8,9957000018,35,3702.96,38,71313,1
20,5,5,2024,11,9957000019,68,1138.35,40,44160,0
1,23,5,2024,8,9957000020,29,251.57,16,16789,0
23,10,11,2025,4,9957000021,57,5604.97,49,37181,1
11,12,4,2025,2,9957000022,34,7261.01,42,24385,1
5,2,6,2024,8,9957000023,32,7578.3,30,92597,1
1,13,3,2024,8,9957000024,59,4344.94,11,75641,1
20,8,9,2025,10,9957000025,32,6997.32,27,54247,1
0,2,5,2024,4,9957000026,32,6055.95,42,96673,0
11,20,3,2024,3,9957000027,72,6518.57,46,15544,1
21,1,11,2025,2,9957000028,56,4433.9,43,23275,1
11,31,1,2024,9,9957000029,30,5701.07,29,73248,1
16,5,10,2025,1,9957000030,34,7249.93,44,44550,0
9,9,12,2024,7,9957000031,49,3581.56,27,63693,1
15,17,6,2025,5,9957000032,26,7254.0,33,29641,1
14,9,2,2024,8,9957000033,57,5328.56,17,81749,0
14,11,3,2024,4,9957000034,37,1493.94,39,90021,0
18,15,1,2024,7,9957000035,43,223.13,19,25605,0
11,24,9,2024,5,9957000036,44,3265.42,32,60713,1
22,6,8,2025,5,9957000037,38,4920.72,20,30390,1
19,23,12,2025,9,9957000038,35,7558.54,11,85403,1
2,3,2,2024,9,9957000039,30,1148.24,35,68466,0
4,30,12,2024,9,9957000040,33,7202.06,45,13981,0
18,31,11,2025,12,9957000041,26,7767.22,42,19493,1
6,17,8,2025,6,9957000042,29,1357.04,22,81218,0
20,5,12,2024,6,9957000043,61,7664.5,49,81318,1
8,30,9,2024,5,9957000044,55,8923.09,34,26984,1
6,28,1,2024,9,9957000045,36,6541.82,13,32760,1
17,12,5,2025,10,9957000046,77,7063.14,28,11524,1
3,18,8,2024,8,9957000047,24,8949.74,27,59402,1
13,14,11,2025,7,9957000048,74,5449.73,46,75614,0
17,21,2,2024,7,9957000049,52,2771.67,39,45891,1
8,24,4,2025,6,9957000050,65,7537.94,28,49832,1
20,11,7,2024,5,9957000051,35,5530.76,32,55836,1
1,9,3,2024,4,9957000052,33,5231.18,25,83953,1
19,2,12,2024,3,9957000053,72,2283.47,10,23362,0
14,12,5,2025,3,9957000054,56,6807.25,21,76745,1
6,3,8,2024,6,9957000055,21,735.92,33,47921,0
11,3,12,2024,4,9957000056,76,8318.66,43,80434,1
7,1,10,2024,12,9957000057,42,2933.09,17,28562,0
14,8,3,2024,12,9957000058,49,1150.84,27,74510,0
2,22,4,2025,6,9957000059,79,3981.86,14,86407,1
13,28,9,2025,3,9957000060,57,383.19,35,17610,0
16,29,7,2025,4,9957000061,30,6161.95,39,25791,0
3,8,1,2024,9,9957000062,62,8124.45,22,68047,1
17,11,12,2025,5,9957000063,34,7535.53,28,77906,1
7,9,4,2024,7,9957000064,66,1147.2,38,29665,1
3,5,4,2024,10,9957000065,54,1137.31,12,80246,0
1,14,9,2024,2,9957000066,23,7321.1,35,75864,1
5,28,6,2024,5,9957000067,36,8318.36,49,56451,1
21,30,9,2025,9,9957000068,30,4146.57,21,96148,1
9,3,12,2025,11,9957000069,74,4491.24,11,55890,1
3,21,6,2025,3,9957000070,77,2865.04,20,16794,0
21,5,6,2024,9,9957000071,43,8048.49,37,42888,1
17,5,5,2024,11,9957000072,31,5804.48,27,16749,1
11,19,5,2024,6,9957000073,48,2594.98,22,56531,1
1,27,2,2024,4,9957000074,71,2689.75,46,30608,0
9,14,8,2024,7,9957000075,21,8020.91,31,90986,1
3,26,8,2024,8,9957000076,77,123.69,21,79211,0
13,30,11,2024,6,9957000077,56,2905.22,11,93996,0
15,4,1,2024,5,9957000078,25,4989.66,46,66017,1
14,25,8,2025,6,9957000079,42,1334.81,16,67676,0
7,13,5,2025,5,9957000080,30,829.8,35,21560,0
13,10,2,2025,8,9957000081,49,7337.67,35,64401,1
22,25,2,2025,1,9957000082,76,8049.75,33,60468,1
7,18,6,2024,11,9957000083,55,7412.63,21,42463,0
20,8,11,2025,7,9957000084,55,8089.19,25,41663,0
15,8,9,2025,10,9957000085,73,4978.45,32,78706,1
12,7,1,2024,10,9957000086,45,7310.51,49,68773,1
17,8,12,2024,11,9957000087,70,3457.0,18,43123,1
14,14,6,2025,2,9957000088,47,5996.74,41,19718,1
20,19,9,2024,9,9957000089,20,8899.53,24,72637,1
23,29,8,2024,1,9957000090,45,2032.32,46,10028,0
12,6,11,2024,11,9957000091,20,3509.71,22,72370,1
8,1,6,2024,10,9957000092,62,4320.95,14,57599,1
14,23,3,2024,6,9957000093,71,1243.0,20,27397,0
12,31,8,2024,9,9957000094,51,730.27,19,55406,0
0,15,9,2024,1,9957000095,33,7467.68,22,57657,1
6,1,1,2024,4,9957000096,39,8791.17,24,77560,0
8,25,12,2025,4,9957000097,49,3643.12,16,23503,0
23,17,9,2024,9,9957000098,78,789.76,49,64943,0
0,1,6,2024,11,9957000099,55,593.24,37,85839,0
11,15,6,2024,5,9957000100,25,8021.97,41,92674,1
7,23,12,2025,5,9957000101,72,4174.86,44,35345,1
23,2,4,2024,6,9957000102,25,2880.93,24,60390,0
10,14,1,2024,1,9957000103,79,4288.67,45,69557,1
18,21,10,2025,1,9957000104,74,2865.42,30,75054,1
16,8,8,2025,9,9957000105,23,4401.83,15,11906,1
7,8,2,2024,3,9957000106,31,7736.15,10,50167,0
2,19,12,2025,4,9957000107,49,5331.12,13,17961,1
2,7,1,2024,1,9957000108,52,6252.19,20,36140,1
0,19,2,2024,9,9957000109,27,3282.67,35,68701,0
4,6,1,2024,8,9957000110,20,6646.81,46,87567,1
9,6,1,2024,2,9957000111,76,5999.89,32,90664,1
6,3,9,2025,8,9957000112,29,1076.94,38,91199,0
8,7,1,2024,7,9957000113,66,5154.21,30,91218,0
6,19,4,2024,11,9957000114,76,2311.43,36,90729,0
8,8,10,2025,6,9957000115,48,7237.06,48,38561,1
7,10,6,2025,1,9957000116,46,3834.01,49,60568,0
11,20,7,2024,7,9957000117,22,8952.16,22,83302,1
1,15,2,2025,10,9957000118,79,833.41,32,39504,0
0,15,6,2024,7,9957000119,69,7023.35,25,47146,0
15,29,7,2025,9,9957000120,42,6063.64,39,50297,1
22,1,10,2025,1,9957000121,58,6907.72,13,96394,1
22,20,10,2025,2,9957000122,48,2768.46,49,78607,0
23,30,2,2024,11,9957000123,79,4429.0,25,26939,1
4,7,2,2024,9,9957000124,38,7168.78,40,60715,1
2,27,10,2024,9,9957000125,75,2093.64,34,54460,0
11,4,7,2024,6,9957000126,37,2035.07,21,76576,1
7,29,12,2024,6,9957000127,56,4959.91,35,78222,1
21,6,1,2025,4,9957000128,39,4712.55,46,22666,1
2,25,8,2024,4,9957000129,21,2541.08,42,72119,0
0,1,11,2024,5,9957000130,30,2683.38,37,45321,1
2,29,3,2025,3,9957000131,62,2501.33,18,11779,1
4,5,11,2024,1,9957000132,59,6943.84,21,23186,1
14,27,6,2025,1,9957000133,67,5867.46,14,26459,0
13,23,9,2024,12,9957000134,66,7491.92,37,96246,1
2,1,6,2024,7,9957000135,37,8779.28,44,97755,1
0,30,9,2024,1,9957000136,69,4268.0,14,15057,0
4,4,7,2024,1,9957000137,30,601.18,43,70663,1
22,22,9,2025,3,9957000138,34,433.78,43,28733,0
13,2,2,2024,10,9957000139,71,2661.69,22,29157,0
6,10,12,2024,4,9957000140,53,8392.97,48,45030,1
8,5,8,2024,4,9957000141,50,4709.39,23,29613,1
14,27,8,2024,2,9957000142,18,2446.81,20,93028,0
14,10,2,2025,1,9957000143,32,3593.1,47,96282,1
9,1,12,2024,3,9957000144,30,5387.76,13,15188,1
12,22,4,2025,11,9957000145,34,5876.89,42,39680,0
18,6,11,2025,4,9957000146,41,1386.12,16,70119,1
6,13,7,2024,3,9957000147,75,8793.31,17,84400,1
16,31,11,2025,8,9957000148,25,4903.41,46,65718,1
19,15,4,2024,10,9957000149,67,1222.06,19,46445,0
3,4,4,2024,1,9957000150,44,8042.82,24,15796,1
4,13,6,2024,2,9957000151,62,672.67,47,57218,0
22,24,10,2025,7,9957000152,40,8169.71,24,49131,1
6,20,6,2025,4,9957000153,63,8969.09,14,18123,1
12,24,10,2024,8,9957000154,25,6304.19,38,18222,1
14,15,3,2025,11,9957000155,25,6934.25,28,34074,0
10,29,9,2024,3,9957000156,76,3036.39,19,39825,1
3,8,12,2024,6,9957000157,43,8474.25,21,46839,1
12,5,10,2024,9,9957000158,64,4767.9,13,78322,0
6,29,11,2025,1,9957000159,76,6591.76,40,66321,0
18,15,2,2025,1,9957000160,30,8317.05,27,35988,1
21,4,6,2024,8,9957000161,56,8776.64,25,45507,1
1,12,12,2024,3,9957000162,54,7499.01,49,33806,0
9,13,7,2024,5,9957000163,66,2727.85,45,46901,0
12,2,12,2024,1,9957000164,45,8698.96,34,27043,1
20,27,9,2024,5,9957000165,42,5653.45,32,85761,1
5,31,3,2025,11,9957000166,78,8375.85,21,19752,1
11,19,10,2024,6,9957000167,33,6085.27,43,78993,1
11,19,3,2024,8,9957000168,72,2765.84,45,52616,1
19,4,7,2024,3,9957000169,19,3330.85,46,62127,1
10,4,4,2025,3,9957000170,71,4954.7,12,84777,1
22,26,8,2025,12,9957000171,35,7110.34,18,10453,1
6,11,7,2024,11,9957000172,34,2862.52,27,85432,0
0,27,5,2025,11,9957000173,47,5218.0,44,97362,1
0,5,7,2024,10,9957000174,56,3111.28,43,20976,0
19,20,3,2024,9,9957000175,30,7342.11,23,80404,0
12,11,12,2024,4,9957000176,49,4201.09,13,91932,1
8,30,2,2024,4,9957000177,67,691.43,38,87707,0
2,10,6,2024,12,9957000178,46,1495.31,24,99647,0
6,8,2,2025,7,9957000179,63,550.88,37,43688,1
5,6,3,2025,2,9957000180,47,4494.23,25,96840,0
7,6,6,2025,8,9957000181,35,957.93,21,12017,0
8,8,5,2024,6,9957000182,30,1028.15,14,17957,0
4,23,8,2024,3,9957000183,60,8469.49,43,14792,1
0,15,9,2025,9,9957000184,38,7854.02,10,65982,1
18,26,11,2024,5,9957000185,47,4069.33,48,23237,1
9,14,3,2024,8,9957000186,38,8872.26,41,61586,1
11,11,12,2024,7,9957000187,65,2.68,35,91787,0
23,12,10,2025,8,9957000188,72,5526.2,26,29252,1
14,26,3,2024,7,9957000189,34,5548.24,36,20707,1
21,13,3,2024,3,9957000190,57,4117.53,33,44206,1
23,8,6,2025,2,9957000191,36,3573.13,44,13543,1
8,30,1,2024,7,9957000192,69,4098.99,48,54135,0
19,18,7,2024,3,9957000193,32,3735.23,35,45031,0
16,25,12,2024,3,9957000194,26,6574.7,47,52929,0
16,1,1,2024,2,9957000195,69,1219.06,32,75747,0
19,15,5,2025,4,9957000196,27,1779.56,31,67851,1
11,8,10,2024,8,9957000197,61,1625.48,13,65311,0
6,28,8,2024,12,9957000198,48,2362.97,18,75867,0
1,11,4,2025,1,9957000199,70,4727.8,13,98780,1
2,12,5,2025,1,9957000200,40,1001.77,16,67196,1
16,12,4,2025,12,9957000201,69,7813.66,32,83705,1
4,4,12,2024,5,9957000202,47,2676.96,11,67894,1
16,16,12,2024,11,9957000203,50,1463.68,33,97640,1
23,4,4,2025,5,9957000204,74,6080.92,49,24591,1
16,5,12,2025,11,9957000205,69,343.74,40,58893,0
16,24,8,2024,12,9957000206,26,5580.1,40,10727,1
1,5,2,2024,1,9957000207,71,6284.09,49,31359,1
1,8,1,2024,6,9957000208,64,1935.03,43,53822,0
21,31,3,2025,1,9957000209,18,378.63,33,98534,0
22,10,9,2024,5,9957000210,61,3273.44,35,20929,0
4,17,4,2024,9,9957000211,52,888.25,25,70091,1
0,28,10,2024,12,9957000212,28,1049.18,22,90378,0
0,31,5,2025,5,9957000213,51,2289.1,24,33519,1
18,26,2,2025,6,9957000214,33,2659.92,36,27393,0
1,9,4,2024,8,9957000215,26,4770.2,13,44318,1
20,22,2,2025,11,9957000216,49,6105.85,25,84531,1
11,19,2,2025,1,9957000217,32,5335.35,39,57934,1
5,29,4,2024,2,9957000218,29,1336.09,39,91103,0
22,14,6,2024,9,9957000219,50,1549.6,45,38840,0
3,8,7,2024,3,9957000220,62,7909.04,12,99367,1
22,9,10,2025,6,9957000221,31,5025.61,31,23265,1
10,22,3,2024,5,9957000222,74,7829.57,31,15424,1
23,11,3,2025,11,9957000223,74,3344.55,21,30625,1
16,23,10,2025,2,9957000224,25,5529.99,30,89622,1
5,1,6,2024,7,9957000225,25,4713.45,13,39187,1
23,14,12,2025,4,9957000226,44,2872.79,40,45929,0
4,5,3,2024,1,9957000227,79,4229.77,40,71892,1
19,21,2,2024,4,9957000228,29,4522.92,32,30539,1
1,26,8,2025,6,9957000229,18,1807.74,29,66630,0
5,14,5,2025,7,9957000230,60,2835.78,24,19215,0
21,4,1,2024,7,9957000231,57,7122.9,32,49385,1
10,22,3,2025,7,9957000232,59,8242.18,37,97580,1
15,23,10,2025,3,9957000233,79,3238.79,25,87462,1
15,25,8,2024,6,9957000234,68,2763.44,46,35008,0
0,1,4,2025,8,9957000235,28,1757.58,30,58928,0
8,31,7,2024,4,9957000236,56,6106.74,24,93096,1
5,22,10,2024,8,9957000237,60,2908.57,26,99876,0
15,23,12,2024,2,9957000238,48,8889.76,46,34976,1
2,19,2,2025,10,9957000239,34,2931.84,22,37626,1
19,8,7,2025,9,9957000240,50,3547.83,28,69789,1
3,15,5,2024,9,9957000241,49,5430.4,39,14700,1
18,21,5,2024,8,9957000242,75,7215.36,27,73645,1
2,15,6,2025,10,9957000243,46,4226.2,23,83396,1
18,9,9,2024,10,9957000244,38,3804.48,45,17526,1
19,21,6,2025,1,9957000245,38,8960.74,45,49500,1
6,9,12,2025,2,9957000246,57,95.43,29,78049,0
19,10,8,2024,6,9957000247,40,8055.69,28,83366,1
8,20,7,2025,10,9957000248,73,1343.12,16,90317,1
0,25,9,2024,5,9957000249,23,7073.54,13,69117,1
7,21,4,2025,12,9957000250,39,5561.77,43,66096,1
6,26,2,2025,9,9957000251,67,3077.28,11,17910,0
17,9,7,2025,5,9957000252,55,7865.0,14,91383,1
7,3,6,2024,2,9957000253,54,117.15,19,81185,0
0,31,1,2025,10,9957000254,62,2040.99,41,60248,1
10,20,11,2024,4,9957000255,68,5102.47,22,84656,1
17,25,9,2024,9,9957000256,71,3164.53,48,11951,1
22,26,9,2024,1,9957000257,25,5493.79,14,75212,1
9,11,12,2024,11,9957000258,58,217.97,19,85701,0
2,6,2,2024,1,9957000259,66,1049.01,19,89888,0
6,2,3,2025,12,9957000260,52,1144.74,47,85282,0
15,7,5,2025,7,9957000261,68,1704.36,36,51954,1
15,18,5,2024,11,9957000262,28,4134.52,30,99719,0
19,27,1,2025,3,9957000263,41,6769.41,17,18804,0
16,2,8,2024,10,9957000264,66,8149.94,10,10595,0
1,27,12,2025,2,9957000265,38,7518.52,37,39592,1
0,17,8,2025,9,9957000266,68,1772.79,48,50643,1
15,11,4,2024,3,9957000267,19,3970.91,23,72665,0
11,27,7,2025,2,9957000268,57,1795.5,30,30823,1
4,12,11,2024,12,9957000269,36,2380.98,39,15972,0
4,27,10,2024,8,9957000270,56,4532.42,30,25882,1
22,19,3,2025,10,9957000271,45,613.91,18,76394,0
8,22,6,2024,6,9957000272,76,1964.35,26,81055,0
8,24,10,2024,6,9957000273,34,8418.47,14,33769,1
2,25,10,2024,10,9957000274,23,4195.58,40,35020,1
18,7,12,2025,11,9957000275,36,4009.03,49,52748,1
15,20,9,2024,7,9957000276,73,132.09,47,95374,0
15,6,1,2024,7,9957000277,55,2227.35,28,54912,0
2,21,5,2025,11,9957000278,45,7796.77,45,22879,0
19,24,4,2025,6,9957000279,19,1482.49,42,43798,0
23,1,8,2024,4,9957000280,55,3736.71,22,99826,1
21,17,11,2024,11,9957000281,72,129.96,23,56073,0
23,29,12,2024,9,9957000282,54,4305.54,42,85791,1
0,31,1,2024,6,9957000283,68,190.17,38,76983,0
23,11,9,2024,4,9957000284,69,7376.67,45,53005,1
19,22,6,2025,12,9957000285,21,7423.86,19,12850,1
10,26,4,2025,3,9957000286,39,7089.89,40,38400,1
16,28,12,2025,4,9957000287,43,2550.99,15,21953,1
7,18,9,2024,3,9957000288,66,7535.3,10,33535,1
3,21,11,2025,2,9957000289,60,4887.44,16,85536,1
5,17,5,2024,5,9957000290,53,3364.9,36,85039,1
7,7,5,2025,2,9957000291,75,5628.34,30,91029,1
19,17,12,2025,6,9957000292,30,112.06,37,14055,0
2,20,5,2024,3,9957000293,69,1287.5,25,48170,0
15,9,1,2025,6,9957000294,75,6680.9,32,38251,0
2,17,1,2024,11,9957000295,49,2198.21,29,14532,1
17,20,8,2025,10,9957000296,34,5382.48,47,14924,1
13,22,12,2024,9,9957000297,58,3466.54,34,58037,1
17,22,8,2024,1,9957000298,53,7693.4,37,88082,1
1,28,12,2025,6,9957000299,72,8571.79,14,81621,1
21,31,6,2024,9,9957000300,77,7952.2,30,87926,1
2,29,12,2025,11,9957000301,63,2436.31,27,88816,0
15,8,11,2024,4,9957000302,36,1748.27,15,99654,1
8,17,4,2025,11,9957000303,75,4270.44,38,80400,1
3,7,2,2025,12,9957000304,77,67.0,28,20702,0
0,1,2,2024,2,9957000305,52,233.26,42,25385,0
3,13,9,2024,4,9957000306,63,4980.06,10,19336,1
0,30,5,2024,1,9957000307,57,4684.52,12,75421,1
13,23,4,2024,3,9957000308,73,8951.24,30,41225,1
20,19,10,2024,10,9957000309,76,1817.37,44,46021,0
15,27,1,2025,9,9957000310,45,2323.68,49,13782,0
19,24,7,2025,10,9957000311,18,1022.75,12,98877,1
23,19,3,2025,5,9957000312,59,8257.97,34,99630,1
7,30,6,2025,11,9957000313,35,7000.52,47,59111,1
6,30,5,2025,6,9957000314,65,7401.23,29,99402,1
2,29,5,2025,3,9957000315,57,8124.97,43,94585,0
16,17,11,2024,5,9957000316,50,4724.57,30,52719,0
0,13,5,2025,11,9957000317,29,4061.29,32,59037,1
15,29,1,2025,8,9957000318,25,2974.19,15,90103,0
11,30,1,2024,6,9957000319,41,5303.34,22,13513,1
18,16,3,2024,4,9957000320,33,4089.05,32,23335,1
21,8,12,2024,2,9957000321,67,4064.64,18,54140,1
22,19,10,2024,9,9957000322,21,8432.41,26,90373,1
21,18,4,2025,12,9957000323,55,8856.3,11,87658,1
13,1,5,2024,1,9957000324,61,7168.56,28,44840,1
5,14,2,2024,1,9957000325,44,6811.07,28,41007,0
5,19,8,2025,4,9957000326,26,6125.34,16,66947,0
12,15,11,2024,7,9957000327,64,1495.51,29,36393,0
18,18,11,2024,1,9957000328,33,532.89,18,67480,0
21,2,2,2024,9,9957000329,73,6216.85,26,98290,0
7,22,9,2025,4,9957000330,29,6559.35,36,96335,1
1,28,2,2025,3,9957000331,48,423.71,11,19107,1
20,17,9,2024,1,9957000332,41,8352.54,45,15993,1
0,18,7,2025,10,9957000333,72,821.17,28,62066,0
14,30,8,2024,4,9957000334,31,2573.82,26,52942,1
0,6,11,2025,9,9957000335,62,6051.84,14,26138,0
4,19,2,2025,10,9957000336,42,1529.68,48,54527,0
15,31,7,2025,6,9957000337,51,499.69,27,19190,0
18,4,12,2024,6,9957000338,20,2980.99,16,88422,0
3,1,6,2025,1,9957000339,75,6893.98,26,65698,1
2,8,4,2025,10,9957000340,41,3723.69,48,92315,1
16,29,7,2024,2,9957000341,79,5877.1,45,39086,1
16,23,4,2025,11,9957000342,71,5216.99,49,27322,1
11,7,2,2024,6,9957000343,59,200.94,13,93569,0
13,3,10,2025,2,9957000344,26,8896.87,47,95610,1
20,10,12,2024,3,9957000345,43,373.81,34,13435,0
5,10,7,2025,4,9957000346,37,8710.26,14,63331,1
2,19,8,2024,11,9957000347,57,4949.23,39,38942,1
8,14,2,2024,5,9957000348,27,8668.47,21,69635,1
4,2,5,2024,9,9957000349,36,1033.67,13,39059,1
23,28,1,2024,12,9957000350,20,4414.19,33,67557,1
16,1,7,2024,4,9957000351,41,1526.37,38,62389,0
13,23,8,2024,11,9957000352,22,459.72,18,63014,0
20,23,6,2024,9,9957000353,20,5558.14,13,42826,0
2,28,5,2024,11,9957000354,75,1870.84,33,40297,0
0,18,6,2024,10,9957000355,44,5289.69,23,53890,1
19,7,2,2025,3,9957000356,33,1012.17,14,31322,1
20,29,1,2024,8,9957000357,66,2988.55,27,45739,0
22,8,7,2025,12,9957000358,32,7034.91,28,19719,0
0,1,7,2025,1,9957000359,52,3934.03,21,89553,1
2,25,10,2025,11,9957000360,29,5650.08,27,18314,1
17,23,11,2024,9,9957000361,58,5827.47,26,85164,0
9,3,10,2025,9,9957000362,70,7593.95,39,87028,1
21,24,2,2024,10,9957000363,61,2924.98,33,46113,0
2,23,2,2024,2,9957000364,43,6185.97,20,25357,1
7,27,1,2024,4,9957000365,64,8654.58,44,30365,1
13,31,10,2025,8,9957000366,51,6572.46,32,49029,1
23,29,8,2024,7,9957000367,40,4409.34,26,11737,1
17,8,8,2024,1,9957000368,48,5676.83,10,84632,1
14,22,1,2025,5,9957000369,67,6657.41,24,95474,0
21,25,12,2025,7,9957000370,37,5510.87,41,88218,1
22,15,11,2024,4,9957000371,29,151.07,18,37499,0
1,5,8,2024,1,9957000372,40,1753.77,24,56157,1
9,3,9,2025,9,9957000373,21,7294.4,37,66247,1
1,19,4,2024,5,9957000374,40,2454.58,33,51034,0
16,1,1,2024,11,9957000375,65,6584.33,44,10294,1
7,28,1,2024,2,9957000376,72,3349.71,31,34596,0
0,15,3,2025,8,9957000377,65,4697.44,36,21434,1
8,8,5,2025,11,9957000378,18,612.69,28,68382,0
10,2,5,2025,2,9957000379,71,1631.85,21,48098,0
21,3,9,2025,3,9957000380,42,8614.82,29,14655,1
15,24,10,2024,10,9957000381,19,8011.35,10,93029,1
6,14,12,2024,1,9957000382,47,5870.82,30,56228,1
9,24,2,2024,11,9957000383,20,4137.34,10,13771,1
22,14,2,2024,2,9957000384,75,6082.18,19,84099,1
2,11,6,2024,7,9957000385,38,5567.87,41,66799,1
17,16,9,2025,10,9957000386,42,5117.4,48,72257,1
23,4,1,2025,2,9957000387,37,533.53,31,27558,0
12,20,9,2025,6,9957000388,66,5695.59,27,68436,1
6,5,9,2024,3,9957000389,69,6920.51,41,42376,1
3,22,9,2025,4,9957000390,39,8946.74,36,97458,0
12,21,5,2025,11,9957000391,38,100.7,37,87924,0
19,14,9,2024,8,9957000392,79,6571.83,27,39332,1
0,31,11,2025,3,9957000393,78,5146.53,48,56737,0
7,23,4,2024,10,9957000394,50,3907.04,38,99031,0
13,16,2,2024,6,9957000395,69,1149.0,27,83970,0
15,18,6,2024,1,9957000396,55,3682.36,17,61952,1
13,7,4,2024,7,9957000397,78,3190.04,40,30991,0
11,10,6,2024,8,9957000398,32,2726.17,43,37472,0
18,7,3,2025,11,9957000399,75,6578.19,16,69946,1
22,1,6,2025,8,9957000400,75,6306.83,45,36849,0
14,23,2,2025,3,9957000401,63,5301.59,27,11541,1
1,21,2,2025,10,9957000402,69,8448.04,47,12765,1
1,19,9,2024,1,9957000403,32,3149.34,18,53074,1
22,16,7,2025,9,9957000404,63,2194.97,18,39283,0
21,29,3,2024,6,9957000405,42,5903.47,17,10769,1
18,19,11,2024,11,9957000406,38,1790.13,44,27806,1
21,4,1,2024,9,9957000407,41,2835.78,27,12972,0
21,29,8,2024,7,9957000408,74,2022.2,14,28256,0
16,28,6,2024,1,9957000409,75,623.31,23,28653,0
19,18,7,2024,12,9957000410,22,7447.66,37,96669,1
9,2,9,2024,12,9957000411,23,2291.61,39,49339,0
5,1,5,2025,1,9957000412,66,4257.77,13,35757,0
14,15,1,2024,6,9957000413,60,390.79,48,52399,0
21,5,12,2024,5,9957000414,65,6294.36,29,54013,1
10,20,10,2024,9,9957000415,61,2975.72,34,24706,0
4,11,7,2025,2,9957000416,64,6702.89,37,48231,1
0,10,5,2024,8,9957000417,40,3712.22,21,37909,1
7,31,3,2024,11,9957000418,21,1762.6,11,86631,1
20,2,12,2024,5,9957000419,44,4619.06,23,67572,1
11,3,9,2024,2,9957000420,35,1175.41,31,95879,0
11,23,1,2024,10,9957000421,38,3965.41,40,73767,1
4,23,1,2024,11,9957000422,45,2856.43,32,36469,0
6,12,1,2024,11,9957000423,52,8207.72,29,11313,1
3,20,3,2024,12,9957000424,39,549.3,47,17847,0
5,5,12,2024,6,9957000425,57,6246.46,13,60222,0
12,5,6,2025,10,9957000426,40,1645.58,24,84702,1
19,6,10,2024,8,9957000427,20,2872.09,33,19930,0
14,30,11,2024,4,9957000428,57,3740.21,34,13285,1
2,9,3,2024,2,9957000429,67,8172.23,10,45863,1
22,2,8,2025,12,9957000430,27,2183.96,16,26704,1
7,21,10,2024,11,9957000431,42,822.69,40,28705,0
19,12,2,2024,5,9957000432,69,2868.89,21,10555,0
15,3,9,2025,12,9957000433,66,942.98,14,31323,0
12,20,3,2024,2,9957000434,25,1158.24,47,80968,0
17,26,5,2024,2,9957000435,72,5165.08,21,76922,1
9,22,10,2024,6,9957000436,28,549.06,48,63915,0
18,12,8,2025,11,9957000437,78,279.35,27,20619,0
16,24,2,2024,10,9957000438,22,6430.01,11,82390,1
23,17,6,2025,9,9957000439,75,3255.46,19,69274,1
18,10,12,2025,4,9957000440,62,1129.25,24,83173,0
22,30,5,2024,6,9957000441,70,2283.26,39,31225,0
4,24,10,2024,7,9957000442,72,5779.14,26,36739,1
20,27,9,2024,11,9957000443,54,2480.55,13,57708,0
22,14,12,2024,6,9957000444,73,4451.2,16,63019,1
8,23,5,2024,8,9957000445,76,1096.14,40,86154,0
11,17,2,2025,4,9957000446,62,5293.25,48,17373,1
20,18,5,2025,12,9957000447,55,2845.38,43,45281,0
0,19,12,2025,1,9957000448,46,5643.09,15,30187,1
0,17,4,2024,7,9957000449,22,7275.75,47,77863,1
14,14,11,2025,3,9957000450,26,5505.21,43,94085,1
1,9,7,2025,6,9957000451,76,2662.43,24,49220,1
21,8,6,2025,2,9957000452,65,2302.44,23,17642,0
15,2,2,2024,9,9957000453,19,2947.46,15,89971,0
7,13,12,2025,1,9957000454,18,1482.42,46,65556,0
12,25,11,2024,6,9957000455,57,1631.37,41,43760,1
20,7,11,2024,6,9957000456,77,7116.43,12,48192,1
0,9,5,2024,5,9957000457,68,3463.21,12,14381,1
15,22,7,2025,5,9957000458,47,3924.52,31,29558,0
6,22,11,2025,1,9957000459,28,5346.85,31,40782,1
4,11,7,2024,10,9957000460,45,5307.29,19,14782,1
21,14,5,2024,12,9957000461,61,607.32,12,64712,0
22,4,12,2024,5,9957000462,29,7484.04,21,29462,0
2,26,9,2024,2,9957000463,56,1596.76,38,70030,0
11,26,4,2024,7,9957000464,43,6507.92,26,78519,1
15,29,11,2024,3,9957000465,30,6954.27,16,66411,1
18,13,3,2025,4,9957000466,76,6434.38,22,65206,1
4,2,4,2024,3,9957000467,25,5211.22,11,56950,0
21,23,5,2024,3,9957000468,78,132.47,13,12523,0
13,5,6,2024,4,9957000469,78,3244.02,19,70926,1
4,11,3,2025,5,9957000470,71,5443.95,48,19677,1
14,6,2,2025,1,9957000471,45,3487.67,33,85828,0
16,18,4,2025,4,9957000472,75,7771.46,26,25089,1
13,21,5,2024,12,9957000473,47,2779.91,15,14581,0
19,10,4,2024,12,9957000474,26,2642.52,28,21907,1
4,4,11,2024,11,9957000475,56,2394.71,14,15609,0
11,9,12,2025,8,9957000476,48,2995.7,41,61153,0
15,6,3,2025,10,9957000477,75,5017.09,19,60539,1
15,2,8,2025,7,9957000478,38,6363.43,18,54143,1
20,17,10,2025,9,9957000479,73,5963.45,36,32936,1
6,5,4,2025,5,9957000480,64,7269.65,22,60182,1
3,25,2,2024,10,9957000481,51,7973.34,28,23163,1
0,6,2,2025,4,9957000482,72,7344.9,30,69758,1
4,26,1,2024,8,9957000483,48,171.49,33,56057,0
22,12,4,2024,9,9957000484,69,6623.53,47,22537,1
9,23,10,2024,7,9957000485,42,1876.39,13,32419,1
21,21,9,2024,7,9957000486,29,1197.22,33,52578,0
4,10,11,2024,5,9957000487,18,5746.76,44,84991,1
3,22,7,2024,4,9957000488,72,2878.37,12,84599,0
1,21,12,2024,10,9957000489,39,515.0,13,10834,0
19,27,10,2024,1,9957000490,57,1239.53,46,42214,0
9,25,7,2024,10,9957000491,54,9.36,49,12413,1
18,31,7,2024,10,9957000492,64,8129.11,44,19505,1
0,6,8,2024,7,9957000493,18,222.54,40,12105,0
23,27,1,2024,1,9957000494,18,1885.89,34,78104,0
4,8,10,2025,1,9957000495,74,3746.95,49,68408,1
12,2,10,2025,5,9957000496,59,3209.79,22,47679,0
3,12,8,2025,9,9957000497,71,8205.62,13,89731,1
15,13,4,2025,6,9957000498,59,363.56,23,75131,0
23,25,4,2024,3,9957000499,38,4610.42,22,74280,1
15,21,4,2025,3,9957000500,32,6124.63,36,25762,0
22,7,6,2024,7,9957000501,34,8385.35,15,68703,1
1,10,7,2024,6,9957000502,39,5583.72,26,91434,0
16,13,6,2025,9,9957000503,55,7233.99,45,73079,1
19,17,1,2024,6,9957000504,52,754.44,49,31577,0
23,26,12,2025,5,9957000505,62,3474.07,44,11214,1
11,21,8,2025,10,9957000506,33,3366.15,26,96339,1
17,28,10,2025,7,9957000507,25,7976.71,11,58114,0
2,30,11,2025,1,9957000508,79,1363.19,22,99234,1
0,26,7,2024,12,9957000509,64,1367.82,11,73230,0
0,14,6,2024,7,9957000510,34,2957.69,37,42980,0
18,2,6,2024,3,9957000511,34,491.14,35,77194,0
10,28,5,2024,9,9957000512,71,1642.94,31,87806,1
4,22,6,2025,6,9957000513,43,8686.92,12,47792,1
11,11,12,2025,9,9957000514,30,3854.23,44,55807,1
2,1,9,2025,5,9957000515,34,5688.54,21,32301,1
0,19,10,2024,7,9957000516,55,6535.28,33,15141,1
0,21,9,2024,4,9957000517,34,3303.29,14,23777,0
7,4,10,2024,7,9957000518,65,1325.9,29,48346,1
9,19,8,2024,1,9957000519,31,1860.02,48,64703,0
10,26,10,2025,7,9957000520,62,2820.09,48,57819,1
11,29,9,2024,8,9957000521,23,5724.98,22,38469,1
12,21,10,2024,5,9957000522,52,3585.13,21,13845,1
11,11,8,2024,2,9957000523,63,62.33,22,33290,0
13,8,8,2025,5,9957000524,31,4711.14,19,40699,1
1,11,1,2025,6,9957000525,64,8293.7,42,54252,1
18,4,10,2024,12,9957000526,25,7308.89,49,13293,0
17,17,11,2024,2,9957000527,78,7427.08,25,67089,1
2,27,5,2024,6,9957000528,32,7155.73,44,26608,1
22,7,4,2024,6,9957000529,71,2914.25,12,76273,1
16,8,2,2025,1,9957000530,78,6886.98,14,26619,1
7,3,8,2025,1,9957000531,44,1289.31,35,88006,0
9,22,3,2024,11,9957000532,30,5919.79,20,97908,1
1,2,4,2024,10,9957000533,66,5774.48,16,91653,1
18,23,12,2025,3,9957000534,48,231.1,19,24779,0
8,15,7,2024,10,9957000535,70,7091.94,43,61040,1
6,24,10,2025,10,9957000536,73,8129.33,12,66325,1
3,22,9,2024,12,9957000537,52,2407.47,17,31630,0
20,22,2,2024,3,9957000538,77,7311.7,40,22178,1
17,5,3,2024,4,9957000539,23,742.57,20,29935,0
12,24,4,2024,2,9957000540,22,5400.11,16,57258,1
10,1,10,2025,9,9957000541,39,4371.34,11,32784,1
23,26,1,2024,10,9957000542,75,4913.77,15,73722,1
3,4,7,2024,12,9957000543,66,8335.92,41,33027,0
20,15,2,2024,11,9957000544,40,7841.97,29,67853,1
3,20,5,2024,7,9957000545,42,7065.97,43,77359,1
9,19,1,2024,7,9957000546,51,2464.01,25,82388,0
4,3,3,2024,6,9957000547,43,8206.46,34,88608,1
8,20,12,2025,3,9957000548,64,878.47,21,86669,0
23,11,2,2024,6,9957000549,22,7680.11,16,25111,0
2,17,1,2024,12,9957000550,43,2954.11,48,42312,1
16,30,7,2025,8,9957000551,37,484.9,26,34161,0
2,27,5,2024,8,9957000552,23,6024.54,20,77313,1
15,13,1,2025,11,9957000553,23,2082.29,15,60374,1
3,11,6,2024,9,9957000554,76,2192.9,32,34014,0
17,2,5,2025,1,9957000555,67,2755.12,36,90308,1
16,9,3,2025,1,9957000556,35,574.1,15,56389,0
6,26,12,2025,3,9957000557,21,1594.97,47,28161,0
23,2,7,2025,3,9957000558,34,47.25,11,17490,1
22,21,11,2024,10,9957000559,74,4009.24,31,34502,1
4,9,10,2025,8,9957000560,31,759.21,29,45757,0
11,9,9,2024,10,9957000561,31,6144.19,34,51111,1
16,8,9,2024,1,9957000562,30,2121.37,24,93245,0
22,17,9,2024,2,9957000563,24,8492.22,38,68645,1
12,1,2,2024,2,9957000564,61,7841.39,17,69055,0
22,25,3,2024,3,9957000565,72,2605.68,46,18998,0
2,29,7,2024,6,9957000566,32,7049.16,42,38906,1
8,11,5,2024,1,9957000567,36,7229.4,31,80192,1
16,8,2,2025,2,9957000568,60,8879.08,14,60477,1
16,10,3,2025,1,9957000569,64,5380.96,48,46901,0
19,25,10,2024,5,9957000570,61,738.61,27,62021,0
15,7,6,2024,7,9957000571,52,5821.89,47,39092,1
21,3,7,2024,8,9957000572,34,5625.19,46,11242,1
12,3,9,2024,10,9957000573,52,5745.52,39,11831,0
18,18,1,2024,1,9957000574,36,2765.0,40,60721,1
16,5,11,2024,7,9957000575,37,7737.26,19,38511,1
3,12,7,2024,5,9957000576,53,8635.29,24,82782,1
11,12,8,2025,10,9957000577,52,1960.19,27,28302,1
8,19,12,2024,1,9957000578,49,794.28,32,65568,0
18,30,3,2024,3,9957000579,75,1751.62,42,13232,0
11,6,4,2024,7,9957000580,65,7385.15,25,61507,1
8,2,10,2024,10,9957000581,61,6090.13,47,86508,1
6,12,6,2024,1,9957000582,57,5724.79,44,20683,1
13,19,10,2025,7,9957000583,41,3616.74,43,33664,1
19,5,7,2024,5,9957000584,78,5200.87,37,43172,1
18,12,4,2024,1,9957000585,78,2771.56,11,93641,0
14,27,8,2025,1,9957000586,34,4295.32,39,74340,1
15,27,5,2025,1,9957000587,24,7137.77,22,97236,1
20,17,1,2025,11,9957000588,60,8831.19,25,21017,1
4,29,4,2024,9,9957000589,67,8392.47,14,46613,1
2,17,3,2025,11,9957000590,18,8404.86,37,96130,1
11,10,9,2024,3,9957000591,52,3620.61,48,86920,1
19,25,8,2024,5,9957000592,49,4219.64,29,40348,1
20,23,1,2024,11,9957000593,53,6351.01,33,26448,1
3,17,11,2024,10,9957000594,30,8299.81,36,19491,1
20,15,6,2024,12,9957000595,23,1278.81,39,88648,0
22,12,9,2024,9,9957000596,75,2738.87,36,68759,1
15,30,7,2025,6,9957000597,31,1254.08,35,54553,1
6,16,4,2025,12,9957000598,54,5508.46,16,10968,0
12,24,1,2025,9,9957000599,65,2757.4,47,10368,0
20,19,12,2024,8,9957000600,32,2935.64,14,83960,0
9,8,2,2025,8,9957000601,64,639.17,32,45010,0
6,31,12,2024,1,9957000602,79,3148.81,37,64154,1
13,21,5,2025,9,9957000603,21,7762.61,43,45851,1
4,17,12,2024,6,9957000604,57,2098.42,24,35496,0
2,23,11,2025,9,9957000605,76,6256.99,41,40936,1
22,5,5,2024,3,9957000606,33,5667.03,35,88858,1
10,22,8,2025,12,9957000607,45,7771.5,40,77005,1
10,16,6,2025,3,9957000608,33,1191.46,28,47493,1
17,6,8,2024,6,9957000609,79,8798.33,18,79795,1
14,8,2,2024,9,9957000610,21,5244.08,38,46390,1
11,25,3,2025,7,9957000611,62,8959.27,48,20292,1
8,18,6,2024,3,9957000612,43,8203.72,13,38365,1
9,25,12,2025,3,9957000613,45,1994.43,12,27207,0
11,12,10,2024,2,9957000614,49,506.4,38,32912,0
16,15,3,2024,9,9957000615,62,2301.5,20,90771,0
5,27,6,2024,3,9957000616,19,4748.55,42,66572,1
6,26,6,2024,11,9957000617,48,1545.2,47,29276,0
13,9,2,2025,5,9957000618,20,1507.97,20,15534,0
12,13,7,2024,9,9957000619,71,4163.88,36,45670,1
7,26,12,2024,8,9957000620,25,300.38,42,72147,0
9,15,2,2024,2,9957000621,41,1097.87,30,46486,1
8,10,6,2024,3,9957000622,32,3743.34,48,75557,1
17,16,1,2025,2,9957000623,60,569.11,40,44268,0
1,7,3,2025,8,9957000624,48,3571.4,47,91335,0
4,17,2,2024,6,9957000625,26,4266.58,11,36336,1
4,23,7,2025,6,9957000626,56,4061.95,36,13641,1
5,26,4,2025,12,9957000627,62,7822.7,45,97132,1
18,21,8,2024,9,9957000628,19,4771.03,20,42959,0
7,22,6,2025,8,9957000629,25,4212.36,27,23306,1
15,26,12,2024,4,9957000630,24,3696.97,10,56182,1
12,7,10,2024,12,9957000631,73,7358.79,44,84123,0
0,14,4,2025,4,9957000632,61,8055.61,44,66326,1
21,15,5,2024,9,9957000633,68,7679.33,40,31498,1
19,21,9,2025,1,9957000634,56,6062.25,37,80198,1
16,7,7,2025,2,9957000635,59,1237.12,48,37197,1
6,9,10,2024,2,9957000636,78,2492.55,10,30719,0
12,19,9,2025,6,9957000637,74,415.52,34,35032,0
3,16,7,2024,4,9957000638,33,8377.49,47,69624,1
3,8,12,2024,11,9957000639,52,5947.53,29,88177,1
5,18,1,2025,10,9957000640,47,6717.52,12,51964,1
18,27,12,2025,3,9957000641,27,2804.83,11,40028,1
11,23,8,2024,3,9957000642,55,7611.04,27,64646,1
21,29,4,2024,3,9957000643,35,2337.17,19,91187,0
6,18,3,2025,6,9957000644,67,15.79,14,18536,0
9,31,7,2025,8,9957000645,22,3388.36,18,66747,1
18,30,12,2025,11,9957000646,70,5137.28,11,55712,1
6,20,3,2024,7,9957000647,46,4308.87,43,16273,1
2,7,8,2024,4,9957000648,56,7758.82,47,81820,0
12,3,6,2024,11,9957000649,77,949.54,40,84353,0
12,18,5,2025,12,9957000650,51,4984.86,19,95914,1
17,27,4,2024,4,9957000651,60,4617.3,21,60830,1
19,10,8,2024,11,9957000652,79,2533.26,45,27127,1
7,7,8,2025,10,9957000653,62,7400.23,30,93488,0
8,17,12,2024,11,9957000654,40,6775.89,15,21539,0
6,14,1,2025,11,9957000655,22,6596.0,12,56761,0
0,31,9,2025,11,9957000656,47,7885.86,19,56219,0
2,24,5,2025,2,9957000657,23,6505.34,14,24692,0
12,3,4,2024,1,9957000658,73,2087.34,35,93656,0
16,12,6,2024,9,9957000659,75,6350.36,30,23334,1
23,28,6,2025,12,9957000660,78,2770.02,35,38615,1
0,13,2,2025,12,9957000661,63,2180.33,47,17903,1
5,2,8,2025,2,9957000662,61,657.96,35,38527,0
20,3,7,2024,8,9957000663,21,6696.51,17,25629,0
5,5,1,2025,9,9957000664,46,6399.3,14,68008,0
11,11,5,2025,4,9957000665,40,2111.26,24,93276,1
12,8,12,2025,8,9957000666,23,6744.66,25,36708,1
12,26,6,2025,9,9957000667,49,8260.65,10,20860,1
14,23,4,2025,10,9957000668,59,973.15,25,27438,0
20,23,2,2025,10,9957000669,35,2094.5,46,77300,1
15,12,4,2024,5,9957000670,32,6752.6,12,81545,1
21,7,1,2024,7,9957000671,57,2471.29,40,30842,0
20,15,7,2024,10,9957000672,75,5622.35,22,70213,1
10,24,2,2024,4,9957000673,49,731.4,25,52372,1
4,17,2,2024,1,9957000674,26,4070.37,30,78906,1
3,4,9,2024,3,9957000675,54,6652.08,11,48744,0
2,29,5,2024,5,9957000676,27,6178.94,36,67442,1
18,22,2,2024,3,9957000677,37,7335.83,47,95990,1
19,25,11,2025,12,9957000678,23,7897.19,35,13650,1
17,13,9,2025,11,9957000679,65,6958.88,47,55117,1
14,18,9,2024,7,9957000680,73,6044.62,34,62772,1
8,1,1,2025,12,9957000681,76,286.47,20,13190,1
16,16,11,2024,9,9957000682,20,4815.17,17,58113,1
13,13,3,2024,12,9957000683,59,340.24,17,18789,0
14,10,4,2024,6,9957000684,28,7272.8,42,42125,1
0,12,7,2024,10,9957000685,60,2887.2,16,27459,0
20,30,10,2025,1,9957000686,34,5062.3,47,45418,1
21,2,4,2025,7,9957000687,49,2515.73,30,57085,0
21,23,2,2024,3,9957000688,21,7042.72,17,28768,1
2,3,7,2024,5,9957000689,21,7978.64,30,59961,1
15,10,6,2024,10,9957000690,34,3588.38,29,91099,1
22,2,3,2024,4,9957000691,58,7766.44,17,37885,1
10,30,6,2024,10,9957000692,36,2404.41,40,97421,0
11,27,11,2024,5,9957000693,22,4812.41,38,71082,1
9,23,6,2025,5,9957000694,49,7728.99,18,16895,1
15,13,12,2025,6,9957000695,39,2933.61,24,60311,0
7,13,5,2024,10,9957000696,73,8586.43,39,99494,0
5,18,4,2025,12,9957000697,23,1097.79,35,77067,0
11,3,10,2024,10,9957000698,52,165.46,19,81017,1
23,27,12,2024,11,9957000699,39,8137.31,38,33932,1
20,7,1,2024,6,9957000700,18,618.77,25,31360,0
7,14,10,2025,8,9957000701,37,8927.01,45,64847,1
3,20,6,2025,8,9957000702,39,8562.62,29,95468,1
7,29,2,2025,11,9957000703,65,1234.05,46,48931,0
17,30,3,2024,9,9957000704,72,4838.72,31,65823,1
4,17,8,2025,8,9957000705,28,1665.1,16,48032,0
8,29,10,2024,11,9957000706,30,3853.97,32,91426,1
3,30,6,2025,2,9957000707,76,553.76,49,28807,0
21,21,3,2024,12,9957000708,59,2016.1,38,21767,1
16,12,7,2024,10,9957000709,20,3270.09,25,18071,1
8,25,4,2024,12,9957000710,26,3948.39,47,63413,1
0,16,9,2025,11,9957000711,77,8797.49,37,36149,0
20,24,5,2024,1,9957000712,29,7270.98,47,25540,1
19,12,3,2025,10,9957000713,40,6636.95,40,80248,1
12,15,2,2024,2,9957000714,31,4833.83,23,95435,0
15,25,11,2025,2,9957000715,50,7560.14,42,29787,0
12,10,2,2025,12,9957000716,35,3054.57,18,30982,0
13,30,3,2025,3,9957000717,66,6380.38,36,32606,1
2,25,2,2024,10,9957000718,76,8944.06,33,20150,1
5,31,4,2024,7,9957000719,58,2832.35,22,95929,1
17,7,2,2024,2,9957000720,26,6066.48,35,56936,0
18,20,10,2025,1,9957000721,40,7598.99,38,18593,1
4,5,9,2024,6,9957000722,27,8242.35,37,27358,0
14,1,2,2024,9,9957000723,36,6461.68,37,92143,1
1,30,9,2024,3,9957000724,78,2553.19,17,47381,1
9,17,6,2024,6,9957000725,64,2937.21,32,38074,0
23,3,1,2025,3,9957000726,22,187.8,38,30595,0
17,13,4,2024,1,9957000727,64,6848.21,14,54194,0
12,14,1,2025,12,9957000728,69,385.61,16,59377,0
4,24,6,2024,5,9957000729,40,7782.01,45,36853,1
22,30,4,2024,10,9957000730,47,1068.83,36,83719,0
23,18,3,2024,11,9957000731,42,1547.72,11,30661,1
0,4,3,2024,4,9957000732,45,4289.26,34,60493,1
21,18,9,2024,7,9957000733,51,6641.19,18,46495,1
0,30,6,2025,6,9957000734,62,1251.88,36,23703,0
17,5,9,2024,10,9957000735,73,3961.2,10,63080,0
14,25,5,2025,7,9957000736,65,4346.18,32,40815,1
16,16,2,2024,5,9957000737,64,1911.36,19,39565,0
10,1,8,2024,4,9957000738,42,1040.91,34,73321,0
20,21,5,2025,7,9957000739,27,7527.95,12,68453,0
21,14,2,2024,7,9957000740,31,4522.69,15,98478,1
16,15,4,2024,6,9957000741,59,130.42,15,43161,0
12,9,9,2024,8,9957000742,74,7227.03,11,65991,1
0,15,4,2024,4,9957000743,63,8827.16,27,19716,1
1,17,12,2025,10,9957000744,75,5453.73,32,43349,1
8,25,12,2024,5,9957000745,47,4533.87,11,57098,1
2,24,12,2025,4,9957000746,72,7905.86,21,10132,0
0,4,4,2025,12,9957000747,58,8572.7,31,61990,1
20,12,2,2024,1,9957000748,42,6791.08,46,78921,0
15,27,12,2025,12,9957000749,31,4009.63,29,46538,1
22,26,6,2024,8,9957000750,52,5330.4,48,17213,1
5,5,11,2025,1,9957000751,69,6308.72,33,54223,0
16,29,2,2024,5,9957000752,65,1749.27,29,78371,0
4,5,12,2025,6,9957000753,51,4025.36,10,78274,1
4,11,7,2024,6,9957000754,27,7468.56,10,14134,1
5,28,3,2024,5,9957000755,52,5892.87,26,49601,1
2,6,3,2025,3,9957000756,28,3701.43,10,83889,1
20,7,5,2025,5,9957000757,28,5970.6,39,25690,1
22,24,3,2024,12,9957000758,38,1064.88,12,11909,0
4,31,2,2024,8,9957000759,38,3614.08,20,90032,1
20,14,10,2025,2,9957000760,39,7138.36,33,22062,1
4,24,9,2025,6,9957000761,62,1985.36,31,85386,0
9,11,2,2025,9,9957000762,24,1674.47,35,44731,0
9,30,11,2025,8,9957000763,72,8557.42,22,15153,1
18,13,2,2025,11,9957000764,34,1889.87,10,20481,1
16,2,8,2025,8,9957000765,79,2349.01,33,76425,1
20,25,9,2024,8,9957000766,19,8726.57,19,73600,1
13,7,7,2024,7,9957000767,29,6612.64,44,94981,1
8,20,3,2025,8,9957000768,74,6296.67,33,81997,1
13,4,9,2025,6,9957000769,59,7676.48,37,38205,1
0,27,3,2024,2,9957000770,35,1043.29,45,98887,0
18,8,5,2024,2,9957000771,71,6353.9,25,91542,1
12,20,9,2025,8,9957000772,76,4533.69,49,54149,1
12,29,12,2024,11,9957000773,28,7462.53,25,59112,0
3,31,3,2024,1,9957000774,33,4573.77,26,20940,0
0,22,7,2024,6,9957000775,66,5582.55,24,69010,1
16,21,12,2024,6,9957000776,68,4300.2,25,86794,1
7,19,1,2024,11,9957000777,35,4303.95,24,34485,1
1,13,4,2024,4,9957000778,52,6911.96,43,99299,1
7,14,4,2024,12,9957000779,70,5657.47,20,11067,0
6,10,7,2025,11,9957000780,76,5699.74,10,30607,0
1,11,8,2024,11,9957000781,43,4053.09,24,71597,1
21,2,1,2025,10,9957000782,33,4780.45,35,84554,1
21,25,5,2025,3,9957000783,23,6711.71,13,58521,1
2,26,7,2024,11,9957000784,74,7433.64,14,25187,0
17,9,12,2025,3,9957000785,61,6269.36,44,13985,1
11,17,4,2024,1,9957000786,60,8316.73,22,53052,1
0,26,4,2025,3,9957000787,64,7383.1,19,29563,1
21,3,4,2024,4,9957000788,64,5057.21,20,57322,1
11,24,12,2025,11,9957000789,65,6042.98,27,71245,1
4,6,6,2025,11,9957000790,59,8336.85,43,61514,1
16,5,7,2024,5,9957000791,29,5572.89,48,28608,0
15,5,2,2024,3,9957000792,77,7423.44,32,77262,0
14,22,5,2025,6,9957000793,30,6199.61,16,81327,1
22,15,4,2025,11,9957000794,21,4967.88,48,67225,1
14,23,3,2024,12,9957000795,56,2177.3,12,83994,0
4,17,7,2025,5,9957000796,71,3834.55,21,27221,1
20,9,11,2024,3,9957000797,19,8709.72,16,58506,1
13,3,12,2025,6,9957000798,43,5920.23,35,30968,1
1,20,6,2024,6,9957000799,76,5079.99,42,92606,1
10,26,7,2025,8,9957000800,44,8396.68,46,37937,0
18,17,5,2024,2,9957000801,44,5279.02,24,72435,0
6,29,6,2024,1,9957000802,32,4735.22,11,59508,1
5,27,5,2024,4,9957000803,25,6834.04,16,51831,1
1,10,7,2024,7,9957000804,24,6414.28,41,52933,0
5,3,2,2024,11,9957000805,64,1739.25,13,57307,0
17,18,11,2024,10,9957000806,72,4242.3,29,58340,0
1,18,5,2025,3,9957000807,63,4253.17,45,96338,1
17,30,6,2024,3,9957000808,57,3404.64,41,53601,1
14,17,6,2024,5,9957000809,77,4656.12,37,85956,1
18,24,5,2024,5,9957000810,29,3718.55,22,82178,0
1,3,10,2024,10,9957000811,30,1794.91,10,95311,1
19,3,7,2024,3,9957000812,79,3711.89,44,38754,1
5,6,10,2024,9,9957000813,60,651.42,39,53310,0
0,13,8,2024,4,9957000814,34,5182.5,45,79893,0
23,24,7,2024,3,9957000815,78,7683.04,34,96799,1
14,29,5,2024,11,9957000816,34,6527.86,25,58367,1
22,15,1,2024,2,9957000817,73,3244.19,28,23201,1
9,25,5,2024,10,9957000818,53,784.55,10,12739,0
18,9,10,2024,11,9957000819,38,1820.14,14,23231,1
16,4,2,2025,9,9957000820,25,4909.87,31,52495,0
4,14,5,2024,4,9957000821,22,1864.31,33,31168,0
3,5,5,2025,3,9957000822,43,4896.21,46,42624,1
9,2,2,2024,7,9957000823,33,2085.16,45,20635,1
23,11,5,2025,8,9957000824,53,7640.47,45,19964,1
16,9,4,2025,11,9957000825,45,3576.05,13,37785,1
9,24,1,2024,2,9957000826,71,2210.71,45,92797,1
16,3,3,2025,7,9957000827,46,7311.12,27,94790,1
19,27,1,2024,12,9957000828,64,3086.21,25,86928,1
23,28,12,2024,5,9957000829,29,1004.28,27,22336,1
4,29,11,2025,11,9957000830,54,5134.12,31,87475,0
1,9,5,2025,5,9957000831,47,5234.5,11,37412,1
5,3,4,2024,3,9957000832,40,6432.55,30,92212,0
20,25,7,2024,5,9957000833,33,2162.73,45,85379,1
1,2,5,2024,12,9957000834,31,3994.5,48,55591,1
12,12,10,2024,2,9957000835,27,2542.03,48,71750,0
10,10,4,2025,4,9957000836,24,729.5,38,45454,0
10,9,2,2024,6,9957000837,62,7889.65,35,72672,0
15,15,4,2024,1,9957000838,69,6560.1,30,37228,1
10,8,12,2024,10,9957000839,77,2713.87,26,24429,1
18,25,2,2024,4,9957000840,78,5394.76,25,94294,1
14,5,8,2024,6,9957000841,54,1812.17,40,77808,0
22,11,3,2025,9,9957000842,46,8012.24,18,92886,1
22,27,9,2025,11,9957000843,20,1035.04,40,63015,1
15,2,4,2025,11,9957000844,32,35.53,23,98074,0
10,24,6,2024,2,9957000845,53,4518.57,46,78936,0
21,28,10,2025,11,9957000846,64,5248.57,11,90907,1
15,15,5,2025,7,9957000847,63,5211.11,23,67378,1
7,6,10,2025,6,9957000848,69,491.55,42,47310,0
3,8,1,2024,2,9957000849,36,2827.08,44,93683,1
7,27,9,2024,8,9957000850,30,4493.29,48,78827,1
3,5,1,2024,7,9957000851,59,1950.0,29,45256,0
23,16,8,2024,11,9957000852,38,7853.76,11,86428,1
2,26,9,2024,5,9957000853,54,784.9,28,48889,0
2,18,9,2024,12,9957000854,44,4386.97,46,61428,1
17,6,1,2024,5,9957000855,72,6223.05,27,47207,0
18,5,2,2025,7,9957000856,69,2356.5,25,60255,0
18,28,12,2024,9,9957000857,46,5618.54,13,15409,1
20,16,1,2024,11,9957000858,37,7464.64,21,52438,1
4,13,10,2025,9,9957000859,42,1713.84,38,17869,0
17,28,2,2025,9,9957000860,23,8255.07,16,66862,1
9,5,10,2025,6,9957000861,53,4982.47,23,97937,0
21,13,12,2025,10,9957000862,19,2693.79,21,35958,0
20,17,8,2024,6,9957000863,39,3878.29,44,86302,0
5,18,5,2025,3,9957000864,49,2810.41,14,29768,1
0,8,12,2024,1,9957000865,33,6526.28,26,36145,0
4,13,11,2024,7,9957000866,35,7166.91,41,85622,1
8,30,7,2024,4,9957000867,22,7496.6,19,36442,1
11,29,2,2024,1,9957000868,71,8871.93,26,91948,1
13,19,8,2024,8,9957000869,53,7121.77,14,35596,1
1,26,11,2025,12,9957000870,47,5412.86,18,85791,1
16,3,6,2025,6,9957000871,62,3053.64,42,52406,1
13,24,8,2024,6,9957000872,36,4901.81,45,50524,1
12,8,1,2024,2,9957000873,40,370.57,45,33332,0
8,2,1,2025,1,9957000874,51,6703.68,27,25764,1
14,8,12,2025,2,9957000875,30,4014.15,18,37563,0
21,27,7,2024,4,9957000876,60,181.19,38,97675,0
14,13,8,2025,2,9957000877,79,563.5,23,46370,0
23,13,3,2024,1,9957000878,71,3487.81,34,15062,1
10,1,5,2024,7,9957000879,46,5251.21,24,54645,1
15,6,12,2025,11,9957000880,53,4178.37,15,17244,1
16,24,1,2024,11,9957000881,39,5573.22,38,16372,1
3,19,7,2024,12,9957000882,69,4323.17,24,95501,1
0,16,5,2025,8,9957000883,69,5955.67,38,74471,1
7,8,8,2025,6,9957000884,64,1972.92,13,26956,1
16,28,8,2024,4,9957000885,53,1016.48,27,50473,0
2,1,9,2024,6,9957000886,26,5368.31,48,23894,1
19,27,7,2024,3,9957000887,56,4362.72,25,79586,1
14,27,11,2025,12,9957000888,68,242.78,20,26709,0
14,16,1,2024,8,9957000889,36,3424.96,23,91258,1
23,9,3,2024,10,9957000890,55,956.02,12,25210,0
21,13,8,2025,2,9957000891,23,4782.68,47,59510,1
13,11,3,2024,5,9957000892,69,3562.6,27,48674,0
22,13,8,2024,1,9957000893,64,5518.75,29,27733,1
13,25,1,2024,6,9957000894,32,7250.61,34,30080,1
23,21,5,2025,2,9957000895,74,2697.72,47,63412,1
1,10,4,2024,4,9957000896,37,8658.96,22,68971,1
12,4,5,2024,6,9957000897,26,4821.17,13,49709,1
13,31,8,2025,10,9957000898,49,5565.0,23,69846,1
23,27,10,2024,11,9957000899,21,6126.37,42,75480,1
18,6,4,2024,8,9957000900,67,6000.92,37,62960,1
6,28,11,2024,12,9957000901,35,4599.23,46,51152,1
2,7,4,2024,8,9957000902,22,3859.45,17,37250,1
14,5,3,2024,11,9957000903,37,484.98,43,95765,0
22,11,7,2024,6,9957000904,40,199.75,14,58137,0
13,13,3,2024,4,9957000905,79,3222.29,14,92011,1
10,26,12,2024,8,9957000906,28,3003.61,40,56412,1
14,25,3,2025,8,9957000907,54,3489.87,18,53876,1
12,19,11,2025,10,9957000908,39,1246.18,41,83664,1
17,31,10,2025,1,9957000909,75,6643.78,42,60227,1
5,23,5,2025,4,9957000910,21,7712.82,12,42450,1
2,10,5,2024,4,9957000911,46,8448.49,39,94433,1
18,10,6,2025,7,9957000912,61,4431.77,21,83704,1
14,11,8,2024,11,9957000913,51,6308.09,38,16861,1
22,21,10,2025,7,9957000914,30,7700.1,12,71914,1
4,30,6,2025,11,9957000915,59,3765.2,35,73888,0
9,7,12,2025,8,9957000916,26,2785.41,39,89286,0
6,31,1,2025,11,9957000917,59,8430.58,18,71293,1
16,18,8,2024,5,9957000918,48,4641.57,35,92524,0
6,4,8,2024,7,9957000919,24,4475.79,11,78515,0
21,2,9,2024,8,9957000920,21,1606.57,12,33524,1
11,14,9,2024,9,9957000921,36,974.29,13,17065,0
16,13,2,2024,3,9957000922,59,7579.12,34,47684,1
12,29,2,2025,3,9957000923,47,5527.58,22,98720,1
19,12,3,2025,4,9957000924,48,2933.1,48,43365,1
3,7,1,2024,5,9957000925,52,1726.43,44,68876,0
9,2,4,2025,10,9957000926,74,4999.92,32,33704,1
2,13,4,2025,1,9957000927,38,5255.69,18,67857,1
8,14,9,2025,7,9957000928,78,1863.74,11,15622,0
12,27,9,2025,9,9957000929,48,7662.8,40,93797,1
17,17,9,2024,8,9957000930,36,759.3,11,97700,0
14,9,10,2025,5,9957000931,48,3205.48,41,89332,1
3,17,7,2025,4,9957000932,70,6123.78,27,76201,0
14,8,2,2024,12,9957000933,49,2467.81,22,42694,0
21,31,10,2024,7,9957000934,19,7449.25,14,99766,1
1,2,5,2025,5,9957000935,76,6659.07,19,32995,1
14,28,4,2024,7,9957000936,69,7101.42,34,90141,1
7,24,12,2025,12,9957000937,27,1072.84,43,92999,0
7,13,11,2025,1,9957000938,19,1265.78,46,18419,0
16,3,8,2024,1,9957000939,19,2578.98,39,57952,0
11,16,2,2024,10,9957000940,77,4663.18,16,43837,1
18,6,6,2025,3,9957000941,41,6732.4,15,80799,1
9,19,5,2024,11,9957000942,34,7528.94,12,58877,1
8,30,12,2024,2,9957000943,49,6339.31,22,55687,0
4,7,2,2024,2,9957000944,33,8357.44,12,47276,1
5,10,11,2024,7,9957000945,33,6648.95,35,44523,1
19,9,10,2025,12,9957000946,63,2757.1,33,76055,0
1,2,1,2024,10,9957000947,56,2386.47,15,64615,0
23,31,8,2025,2,9957000948,70,6266.04,21,20514,1
12,28,2,2024,11,9957000949,48,1736.64,45,57456,1
5,28,7,2024,4,9957000950,60,835.34,11,17233,0
4,15,9,2025,2,9957000951,41,4790.47,20,11102,1
0,30,9,2025,6,9957000952,18,7394.95,48,76133,0
20,5,8,2024,8,9957000953,28,913.32,43,56715,1
21,29,11,2024,10,9957000954,72,7127.23,35,95193,1
20,22,12,2024,4,9957000955,38,7304.34,27,16256,1
5,4,10,2024,5,9957000956,21,4340.98,30,74800,1
5,20,9,2025,4,9957000957,24,516.74,45,51548,0
22,4,2,2024,3,9957000958,43,1572.13,49,82090,0
15,18,6,2024,5,9957000959,64,6367.13,31,88200,1
3,4,4,2024,9,9957000960,67,6406.29,39,52367,1
10,27,4,2025,8,9957000961,29,8085.3,39,99922,1
23,17,5,2025,8,9957000962,48,5244.59,17,80382,1
22,12,12,2024,8,9957000963,34,1117.84,43,36205,0
8,22,3,2025,12,9957000964,50,1093.61,18,35570,1
22,17,1,2024,8,9957000965,28,6490.47,29,40255,1
2,10,8,2024,7,9957000966,45,1654.88,49,31182,1
18,22,5,2025,8,9957000967,49,2956.14,34,49373,0
7,1,3,2025,11,9957000968,18,4385.42,28,53019,1
4,22,10,2025,8,9957000969,64,223.86,14,72619,0
3,26,7,2024,8,9957000970,45,2240.12,20,26043,1
23,24,7,2024,12,9957000971,70,3671.6,24,55532,1
5,27,1,2025,10,9957000972,59,2517.45,17,75936,0
1,18,12,2024,7,9957000973,24,1228.2,28,29239,1
19,18,9,2024,12,9957000974,19,6552.38,32,20416,0
10,14,2,2024,1,9957000975,59,7318.52,36,13412,1
3,15,5,2025,4,9957000976,41,2318.05,49,91976,1
14,29,5,2024,4,9957000977,21,6970.0,41,34406,1
5,12,8,2024,5,9957000978,61,3470.6,35,11875,1
21,4,8,2025,10,9957000979,36,4560.67,36,47066,1
16,27,7,2024,6,9957000980,43,7704.15,28,15752,1
23,3,7,2024,4,9957000981,28,6749.83,38,96753,1
5,20,12,2024,2,9957000982,57,7246.25,48,88025,1
18,29,11,2024,6,9957000983,67,1232.47,42,11353,0
1,12,6,2024,8,9957000984,60,628.41,28,36986,0
14,7,6,2024,8,9957000985,28,8040.75,46,96907,1
10,29,11,2025,7,9957000986,62,3491.12,28,24691,1
7,11,9,2024,6,9957000987,20,2591.63,42,79847,1
18,1,6,2025,2,9957000988,29,6522.54,25,58075,1
12,6,12,2024,7,9957000989,20,7527.9,32,20794,1
11,15,2,2024,11,9957000990,59,7762.54,16,78470,1
4,15,2,2024,12,9957000991,44,2844.66,35,26406,1
5,19,5,2024,5,9957000992,66,7670.06,41,85930,1
21,11,4,2025,6,9957000993,71,369.36,21,36872,0
3,26,11,2024,10,9957000994,19,447.9,17,51708,0
18,23,2,2024,8,9957000995,66,5612.05,14,30800,1
19,26,3,2025,8,9957000996,33,568.89,37,53397,0
0,2,7,2025,3,9957000997,19,2922.16,14,47909,0
19,14,8,2025,12,9957000998,77,6055.13,35,31352,1
16,2,12,2024,12,9957000999,71,3036.06,14,25438,0
11,29,6,2025,7,9957001000,47,1617.22,31,98921,1
